<?xml version="1.0"?>
<doc>
    <assembly>
        <name>System.Net.Http.Json</name>
    </assembly>
    <members>
        <member name="T:System.Net.Http.Json.HttpClientJsonExtensions">
            <summary>
            Contains the extensions methods for using JSON as the content-type in HttpClient.
            </summary>
        </member>
        <member name="P:System.SR.Argument_InvalidOffLen">
            <summary>Offset and length were out of bounds for the array or count is greater than the number of elements from index to the end of the source collection.</summary>
        </member>
        <member name="P:System.SR.CharSetInvalid">
            <summary>The character set provided in ContentType is invalid.</summary>
        </member>
        <member name="P:System.SR.CharSetNotSupported">
            <summary>The character set provided in ContentType is not supported.</summary>
        </member>
        <member name="P:System.SR.ContentTypeNotSupported">
            <summary>The provided ContentType is not supported; the supported types are 'application/json' and the structured syntax suffix 'application/+json'.</summary>
        </member>
        <member name="P:System.SR.SerializeWrongType">
            <summary>The specified type {0} must derive from the specific value's type {1}.</summary>
        </member>
    </members>
</doc>
